#
# Test CONNECT engine with catalogs
#
# Create catalog cat1
create catalog cat1;
use catalog cat1;
create database foo;
use foo;
create table t1 (a int);
insert into t1 values (1),(2),(3);
# Create catalog cat2
create catalog cat2;
use catalog cat2;
create database bar;
use bar;
#
# Test connecting to different catalogs
#
use catalog def;
use test;
create table tc1 (a int) engine=connect table_type=MariaDB tabname=t1 catname=cat1 dbname=foo connection='mysql://root@localhost';
select * from tc1;
a
1
2
3
create table tc2 (a int) engine=connect table_type=MariaDB connection='mariadb://root@localhost/cat1.foo/t1';
select * from tc2;
a
1
2
3
create table tc3 (a int) engine=connect table_type=MariaDB tabname=t1 dbname='cat1.foo' connection='mariadb://root@localhost';
select * from tc3;
a
1
2
3
create table tc4 engine=connect table_type=MariaDB connection='mariadb://root@localhost/cat1.foo/t1';
select * from tc4;
a
1
2
3
drop table tc1;
drop table tc2;
drop table tc3;
drop table tc4;
use catalog cat1;
drop database foo;
drop database mysql;
use catalog cat2;
drop database bar;
drop database mysql;
use catalog def;
drop catalog cat2;
drop catalog cat1;
